epoch,train_loss,train_acc,test_loss,test_acc,lr,epoch_time_sec
0,1.8226014595765334,36.83293269230769,1.7613336036682128,42.7,0.04000000000000001,155.58341884613037
1,1.5556521070309175,52.31370192307692,1.4969343027114868,57.26,0.06,166.09607982635498
2,1.2898707836102217,65.36858974358974,1.1482090444564819,71.66,0.08000000000000002,188.35015606880188
3,1.1290765718007698,72.76041666666667,1.08506900100708,75.02,0.1,169.60190510749817
4,1.0557064027358325,76.24399038461539,1.0813960775375366,75.36,0.1,158.91180872917175
5,0.9986719880348597,78.56570512820512,1.0864083148956298,75.62,0.09995614150494292,159.71947479248047
6,0.9696676142704792,79.9579326923077,1.0127830847740174,77.7,0.09982464296247523,157.72355723381042
7,0.9536074178341107,80.56891025641026,1.012007853126526,78.24,0.0996057350657239,158.40809535980225
8,0.9404003941095792,81.04567307692308,1.0110473278045655,78.21,0.09929980185352526,158.4386968612671
9,0.9249435927623357,81.8389423076923,1.033272261428833,76.56,0.09890738003669029,158.3037760257721
10,0.9171815048425626,81.98116987179488,0.9812616908073425,79.37,0.09842915805643156,159.180921792984
11,0.9103987209307842,82.52804487179488,0.9467178031921387,80.9,0.09786597487660337,160.31659197807312
12,0.9011265864739051,82.61017628205128,0.9348829970359802,81.51,0.09721881851187406,161.15729188919067
13,0.8943797982656039,83.2832532051282,0.8851231664657593,83.45,0.09648882429441258,162.13908886909485
14,0.8840053422328753,83.5556891025641,0.9306859511375427,81.57,0.09567727288213004,160.9632110595703
15,0.8782633099800501,83.77003205128206,0.960125287437439,80.25,0.09478558801197065,160.5562460422516
16,0.8744865577954513,83.92227564102564,0.9500451648712158,80.38,0.09381533400219318,164.15383291244507
17,0.8678854531202561,84.22275641025641,0.9276614364624023,81.75,0.09276821300802535,160.89277601242065
18,0.858775063814261,84.59134615384616,0.9137739910125733,82.16,0.09164606203550497,163.54834699630737
19,0.8571474844064468,84.79166666666667,0.9106670097351074,82.56,0.09045084971874738,161.550372838974
20,0.8499943471871889,85.08613782051282,0.8885958937644959,83.46,0.089184672866292,161.3419578075409
21,0.8477364922181154,85.10817307692308,0.9024636546134949,82.57,0.08784975278258783,162.30627822875977
22,0.8370371676408328,85.47275641025641,0.8947108821868897,82.97,0.08644843137107058,160.8940088748932
23,0.8337809293698042,85.79727564102564,0.8614110731124878,84.3,0.08498316702566827,165.3573350906372
24,0.8324026318696829,85.85136217948718,0.8395377772331237,84.87,0.08345653031794292,171.28054237365723
25,0.8253323911092221,85.92548076923077,0.9064454097747803,82.62,0.08187119948743449,188.93233394622803
26,0.8213781965084564,86.34214743589743,0.8175330150604248,86.16,0.08022995574311875,198.69632625579834
27,0.8187502069351,86.20192307692308,0.8821563941955567,83.51,0.0785356783842216,196.69086003303528
28,0.8074863449121132,86.74879807692308,0.85680800075531,84.73,0.07679133974894983,182.49073815345764
29,0.8109953615909967,86.57652243589743,0.868393144416809,84.27,0.07500000000000001,197.10439801216125
30,0.8050538281599681,86.84094551282051,0.8478885606765747,85.05,0.07316480175599309,212.40114212036133
31,0.7988217893319253,87.20352564102564,0.8408633295059205,85.1,0.07128896457825364,188.55216717720032
32,0.7891811480888954,87.75841346153847,0.8527315415382385,85.08,0.06937577932260515,209.24706888198853
33,0.7890318216421666,87.60016025641026,0.8534228462219239,85.03,0.06742860236609076,191.40885305404663
34,0.7852994816425519,87.70232371794872,0.8275150039672852,85.93,0.06545084971874737,208.7893431186676
35,0.7749888008985764,88.30528846153847,0.8562052867889405,84.77,0.06344599103076329,222.08400511741638
36,0.7754980276792477,88.27724358974359,0.8032540685653686,86.94,0.061417543505532794,199.25047278404236
37,0.7677969718590761,88.44951923076923,0.8339402488708496,85.6,0.05936906572928624,198.80127906799316
38,0.7664049098124871,88.48357371794872,0.8026659067153931,87.15,0.05730415142812059,207.59618473052979
39,0.7572659782874278,88.97435897435898,0.7893645872116088,87.47,0.05522642316338268,206.8143129348755
40,0.7527218112578759,89.16065705128206,0.7932392036437989,86.98,0.05313952597646568,216.24936294555664
41,0.7422813693682353,89.73157051282051,0.785236919593811,87.87,0.051047120994167854,252.33103895187378
42,0.7403593654815968,89.85576923076923,0.7945164791107178,87.1,0.04895287900583216,213.60532093048096
43,0.736235191883185,89.96594551282051,0.7829895311355591,87.79,0.04686047402353433,238.0594449043274
44,0.7271244912575453,90.24439102564102,0.7919563864707947,87.62,0.04477357683661734,206.9611120223999
45,0.7201677221518297,90.61899038461539,0.7672697752952575,88.23,0.04269584857187943,219.13168811798096
46,0.71506103124374,90.7832532051282,0.7662878779411316,88.27,0.040630934270713764,193.37258291244507
47,0.7097631902266771,91.0576923076923,0.7365139244079589,90.13,0.03858245649446721,192.7015209197998
48,0.703746724434388,91.26802884615384,0.7568177425384521,89.08,0.03655400896923672,193.04266500473022
49,0.6948638624105699,91.71875,0.7825448076248169,88.02,0.03454915028125263,199.26865482330322
50,0.6848276948317503,92.23958333333333,0.7496377868652344,89.25,0.03257139763390925,196.77631306648254
51,0.6850569061743907,92.12940705128206,0.7429791555404663,89.42,0.030624220677394856,214.53736114501953
52,0.6747468809286753,92.47596153846153,0.7295986951828003,89.94,0.02871103542174637,201.74419808387756
53,0.6679615668761425,92.82451923076923,0.729400810623169,90.18,0.026835198244006927,203.1700839996338
54,0.6607067889127975,93.13701923076923,0.7143614692687988,90.73,0.025000000000000012,204.64402508735657
55,0.6539866198331882,93.39142628205128,0.7132870558738709,90.98,0.02320866025105016,207.624196767807
56,0.6441980840303959,93.84014423076923,0.7110885689735412,90.89,0.021464321615778423,201.4632430076599
57,0.6355259600358132,94.28084935897436,0.7098310792922974,91.23,0.01977004425688126,212.59180617332458
58,0.6266534300950858,94.5713141025641,0.7051514476776123,91.22,0.018128800512565515,196.73417806625366
59,0.6193426757286756,94.8798076923077,0.7005000686645508,91.24,0.016543469682057107,217.74919414520264
60,0.6097675560376583,95.35657051282051,0.6824427082061768,91.89,0.015016832974331724,219.5686857700348
61,0.6028065892366262,95.67908653846153,0.6889792428970337,92.11,0.013551568628929435,214.3990170955658
62,0.5935780549660707,96.07572115384616,0.6875150533676148,92.2,0.012150247217412187,226.73662638664246
63,0.5873044779667488,96.33613782051282,0.6983423817634582,91.68,0.010815327133708015,238.35629200935364
64,0.5788428065104362,96.61658653846153,0.6865877250671387,92.28,0.009549150281252633,258.9038932323456
65,0.5693335475065769,97.0733173076923,0.6812817653656006,92.4,0.00835393796449503,221.49158310890198
66,0.559465466095851,97.60016025641026,0.6737282157897949,93.13,0.00723178699197467,213.1735270023346
67,0.5520096922532106,97.90464743589743,0.6746368312835693,93.0,0.006184665997806833,211.38925004005432
68,0.5459648126210922,98.18309294871794,0.6786877000808715,92.88,0.005214411988029355,213.68646717071533
69,0.5380634566148123,98.52964743589743,0.6781566614151001,93.34,0.004322727117869951,229.5817699432373
70,0.5331616450578739,98.72796474358974,0.6656257167816162,93.52,0.0035111757055874327,264.51392889022827
71,0.5268741433437054,99.03846153846153,0.6677205619812012,93.63,0.00278118148812595,225.37153387069702
72,0.5232953889247699,99.1025641025641,0.6663502113342286,93.53,0.002134025123396638,207.03700280189514
73,0.5189263326999468,99.38902243589743,0.661076823425293,93.83,0.0015708419435684464,205.13406801223755
74,0.5163762650428674,99.51121794871794,0.6608623030662537,93.82,0.0010926199633097156,209.60206484794617
75,0.5153994979002536,99.51923076923077,0.6583460875511169,94.06,0.0007001981464747564,211.12137389183044
76,0.5131916212729919,99.59334935897436,0.6603965174674988,94.07,0.0003942649342761118,213.68893265724182
77,0.5127978680989681,99.65945512820512,0.660759889793396,93.9,0.0001753570375247815,209.95558190345764
78,0.5125790618933164,99.63541666666667,0.659584815120697,93.98,4.385849505708084e-05,229.9424901008606
79,0.5133601320095551,99.57932692307692,0.6592635695457458,94.06,0.0,236.5933482646942
